Gene,StarAllele,ActivityScore,Function,GRCh37,GRCh38,RefAllele,SV
CYP2A13,*1,N/A,N/A,N/A,N/A,TRUE,FALSE
CYP2A13,*2,N/A,N/A,"19-41594450-G-A,19-41597751-C-T","19-41088545-G-A,19-41091846-C-T",FALSE,FALSE
CYP2A13,*3,N/A,N/A,"19-41596005-G-GCCA,19-41596082-C-G","19-41090100-G-GCCA,19-41090177-C-G",FALSE,FALSE
CYP2A13,*4,N/A,N/A,19-41594955-G-A,19-41089050-G-A,FALSE,FALSE
CYP2A13,*5,N/A,N/A,19-41601719-T-A,19-41095814-T-A,FALSE,FALSE
CYP2A13,*6,N/A,N/A,19-41601841-C-T,19-41095936-C-T,FALSE,FALSE
CYP2A13,*7,N/A,N/A,19-41594954-C-T,19-41089049-C-T,FALSE,FALSE
CYP2A13,*8,N/A,N/A,19-41596082-C-G,19-41090177-C-G,FALSE,FALSE
CYP2A13,*9,N/A,N/A,19-41599670-G-T,19-41093765-G-T,FALSE,FALSE
CYP2A13,*10,N/A,N/A,"19-41594450-G-A,19-41597751-C-T,19-41600168-T-C","19-41088545-G-A,19-41091846-C-T,19-41094263-T-C",FALSE,FALSE
CYP2B6,*1,N/A,Normal Function,N/A,N/A,TRUE,FALSE
CYP2B6,*2,N/A,Normal Function,19-41497274-C-T,19-40991369-C-T,FALSE,FALSE
CYP2B6,*3,N/A,Uncertain Function,19-41515255-C-A,19-41009350-C-A,FALSE,FALSE
CYP2B6,*4,N/A,Increased Function,19-41515263-A-G,19-41009358-A-G,FALSE,FALSE
CYP2B6,*5,N/A,Normal Function,19-41522715-C-T,19-41016810-C-T,FALSE,FALSE
CYP2B6,*6,N/A,Decreased Function,"19-41512841-G-T,19-41515263-A-G","19-41006936-G-T,19-41009358-A-G",FALSE,FALSE
CYP2B6,*7,N/A,Decreased Function,"19-41512841-G-T,19-41515263-A-G,19-41522715-C-T","19-41006936-G-T,19-41009358-A-G,19-41016810-C-T",FALSE,FALSE
CYP2B6,*8,N/A,No Function,19-41510282-A-G,19-41004377-A-G,FALSE,FALSE
CYP2B6,*9,N/A,Decreased Function,19-41512841-G-T,19-41006936-G-T,FALSE,FALSE
CYP2B6,*10,N/A,Uncertain Function,"19-41497272-A-T,19-41497274-C-T","19-40991367-A-T,19-40991369-C-T",FALSE,FALSE
CYP2B6,*11,N/A,Uncertain Function,19-41497346-A-G,19-40991441-A-G,FALSE,FALSE
CYP2B6,*12,N/A,No Function,19-41510030-G-A,19-41004125-G-A,FALSE,FALSE
CYP2B6,*13,N/A,No Function,"19-41510282-A-G,19-41512841-G-T,19-41515263-A-G","19-41004377-A-G,19-41006936-G-T,19-41009358-A-G",FALSE,FALSE
CYP2B6,*14,N/A,Uncertain Function,19-41510286-G-A,19-41004381-G-A,FALSE,FALSE
CYP2B6,*15,N/A,Uncertain Function,19-41518598-T-A,19-41012693-T-A,FALSE,FALSE
CYP2B6,*17,N/A,Normal Function,"19-41497286-A-T,19-41497293-A-G,19-41497295-C-A,19-41497296-G-C","19-40991381-A-T,19-40991388-A-G,19-40991390-C-A,19-40991391-G-C",FALSE,FALSE
CYP2B6,*18,N/A,No Function,19-41518221-T-C,19-41012316-T-C,FALSE,FALSE
CYP2B6,*19,N/A,Decreased Function,"19-41512841-G-T,19-41515263-A-G,19-41518244-C-T","19-41006936-G-T,19-41009358-A-G,19-41012339-C-T",FALSE,FALSE
CYP2B6,*20,N/A,Decreased Function,"19-41512828-C-T,19-41512841-G-T,19-41515263-A-G","19-41006923-C-T,19-41006936-G-T,19-41009358-A-G",FALSE,FALSE
CYP2B6,*21,N/A,Uncertain Function,19-41518708-C-A,19-41012803-C-A,FALSE,FALSE
CYP2B6,*22,N/A,Increased Function,19-41497129-T-C,19-40991224-T-C,FALSE,FALSE
CYP2B6,*23,N/A,Unknown Function,19-41522631-A-G,19-41016726-A-G,FALSE,FALSE
CYP2B6,*24,N/A,No Function,19-41522683-G-A,19-41016778-G-A,FALSE,FALSE
CYP2B6,*25,N/A,Unknown Function,19-41522710-A-T,19-41016805-A-T,FALSE,FALSE
CYP2B6,*26,N/A,Decreased Function,"19-41512824-C-G,19-41512841-G-T,19-41515263-A-G","19-41006919-C-G,19-41006936-G-T,19-41009358-A-G",FALSE,FALSE
CYP2B6,*27,N/A,Uncertain Function,19-41512918-T-C,19-41007013-T-C,FALSE,FALSE
CYP2B6,*28,N/A,No Function,"19-41515993-C-G,19-41518370-C-T","19-41010088-C-G,19-41012465-C-T",FALSE,FALSE
CYP2B6,*29,N/A,Decreased Function,N/A,N/A,FALSE,TRUE
CYP2B6,*30,N/A,No Function,N/A,N/A,FALSE,TRUE
CYP2B6,*31,N/A,Normal Function,19-41516013-C-A,19-41010108-C-A,FALSE,FALSE
CYP2B6,*32,N/A,Normal Function,19-41518645-G-A,19-41012740-G-A,FALSE,FALSE
CYP2B6,*33,N/A,Uncertain Function,19-41522715-C-A,19-41016810-C-A,FALSE,FALSE
CYP2B6,*34,N/A,Decreased Function,"19-41497129-T-C,19-41512841-G-T,19-41515263-A-G,19-41522715-C-A","19-40991224-T-C,19-41006936-G-T,19-41009358-A-G,19-41016810-C-A",FALSE,FALSE
CYP2B6,*35,N/A,No Function,"19-41497129-T-C,19-41510063-G-T,19-41510208-T-C,19-41510311-G-T,19-41512918-T-C,19-41515911-G-C","19-40991224-T-C,19-41004158-G-T,19-41004303-T-C,19-41004406-G-T,19-41007013-T-C,19-41010006-G-C",FALSE,FALSE
CYP2B6,*36,N/A,Decreased Function,"19-41497129-T-C,19-41512841-G-T,19-41515263-A-G","19-40991224-T-C,19-41006936-G-T,19-41009358-A-G",FALSE,FALSE
CYP2B6,*37,N/A,No Function,"19-41512841-G-T,19-41512873-T-G,19-41515263-A-G","19-41006936-G-T,19-41006968-T-G,19-41009358-A-G",FALSE,FALSE
CYP2B6,*38,N/A,No Function,"19-41509920-T-A,19-41512841-G-T,19-41515263-A-G","19-41004015-T-A,19-41006936-G-T,19-41009358-A-G",FALSE,FALSE
CYP2C8,*1,N/A,N/A,N/A,N/A,TRUE,FALSE
CYP2C8,*2,N/A,N/A,10-96818106-T-A,10-95058349-T-A,FALSE,FALSE
CYP2C8,*3,N/A,N/A,"10-96827030-C-T,10-96798749-T-C","10-95067273-C-T,10-95038992-T-C",FALSE,FALSE
CYP2C8,*4,N/A,N/A,10-96818119-G-C,10-95058362-G-C,FALSE,FALSE
CYP2C8,*5,N/A,N/A,10-96826970-GT-G,10-95067213-GT-G,FALSE,FALSE
CYP2C8,*6,N/A,N/A,10-96824688-C-T,10-95064931-C-T,FALSE,FALSE
CYP2C8,*7,N/A,N/A,10-96824643-G-A,10-95064886-G-A,FALSE,FALSE
CYP2C8,*8,N/A,N/A,10-96824643-G-C,10-95064886-G-C,FALSE,FALSE
CYP2C8,*9,N/A,N/A,10-96818171-T-C,10-95058414-T-C,FALSE,FALSE
CYP2C8,*10,N/A,N/A,10-96802647-C-A,10-95042890-C-A,FALSE,FALSE
CYP2C8,*11,N/A,N/A,10-96805708-C-A,10-95045951-C-A,FALSE,FALSE
CYP2C8,*12,N/A,N/A,10-96796973-TCAA-T,10-95037216-TCAA-T,FALSE,FALSE
CYP2C8,*13,N/A,N/A,10-96818242-A-C,10-95058485-A-C,FALSE,FALSE
CYP2C8,*14,N/A,N/A,10-96818199-C-G,10-95058442-C-G,FALSE,FALSE
CYP2C8,*15,N/A,N/A,10-96824658-C-T,10-95064901-C-T,FALSE,FALSE
CYP2C8,*16,N/A,N/A,10-96802804-A-G,10-95043047-A-G,FALSE,FALSE
CYP2C8,*17,N/A,N/A,10-96818181-T-C,10-95058424-T-C,FALSE,FALSE
CYP2C8,*18,N/A,N/A,10-96802715-G-A,10-95042958-G-A,FALSE,FALSE
CYP2C9,*1,1,Normal Function,N/A,N/A,TRUE,FALSE
CYP2C9,*2,0.5,Decreased Function,10-96702047-C-T,10-94942290-C-T,FALSE,FALSE
CYP2C9,*3,0,No Function,10-96741053-A-C,10-94981296-A-C,FALSE,FALSE
CYP2C9,*4,0.5,Decreased Function,10-96741054-T-C,10-94981297-T-C,FALSE,FALSE
CYP2C9,*5,0.5,Decreased Function,10-96741058-C-G,10-94981301-C-G,FALSE,FALSE
CYP2C9,*6,0,No Function,10-96709038-GA-G,10-94949281-GA-G,FALSE,FALSE
CYP2C9,*7,N/A,Uncertain Function,10-96698494-C-A,10-94938737-C-A,FALSE,FALSE
CYP2C9,*8,0.5,Decreased Function,10-96702066-G-A,10-94942309-G-A,FALSE,FALSE
CYP2C9,*9,1,Normal Function,10-96708974-A-G,10-94949217-A-G,FALSE,FALSE
CYP2C9,*10,N/A,Uncertain Function,10-96709037-A-G,10-94949280-A-G,FALSE,FALSE
CYP2C9,*11,0.5,Decreased Function,10-96740981-C-T,10-94981224-C-T,FALSE,FALSE
CYP2C9,*12,0.5,Decreased Function,10-96748777-C-T,10-94989020-C-T,FALSE,FALSE
CYP2C9,*13,0,No Function,10-96701715-T-C,10-94941958-T-C,FALSE,FALSE
CYP2C9,*14,0.5,Decreased Function,10-96701991-G-A,10-94942234-G-A,FALSE,FALSE
CYP2C9,*15,0,No Function,10-96707539-C-A,10-94947782-C-A,FALSE,FALSE
CYP2C9,*16,0.5,Decreased Function,10-96731936-A-G,10-94972179-A-G,FALSE,FALSE
CYP2C9,*17,N/A,Uncertain Function,10-96741122-C-T,10-94981365-C-T,FALSE,FALSE
CYP2C9,*18,N/A,Uncertain Function,"10-96741053-A-C,10-96745830-A-C","10-94981296-A-C,10-94986073-A-C",FALSE,FALSE
CYP2C9,*19,N/A,Uncertain Function,10-96748674-G-C,10-94988917-G-C,FALSE,FALSE
CYP2C9,*20,N/A,Uncertain Function,10-96701654-G-C,10-94941897-G-C,FALSE,FALSE
CYP2C9,*21,N/A,Uncertain Function,10-96698528-C-T,10-94938771-C-T,FALSE,FALSE
CYP2C9,*22,N/A,Uncertain Function,10-96698560-A-G,10-94938803-A-G,FALSE,FALSE
CYP2C9,*23,0.5,Decreased Function,10-96701672-G-A,10-94941915-G-A,FALSE,FALSE
CYP2C9,*24,0,No Function,10-96741038-G-A,10-94981281-G-A,FALSE,FALSE
CYP2C9,*25,0,No Function,10-96701967-GAAAGAAATGG-G,10-94942210-GAAAGAAATGG-G,FALSE,FALSE
CYP2C9,*26,0.5,Decreased Function,10-96702006-C-G,10-94942249-C-G,FALSE,FALSE
CYP2C9,*27,N/A,Uncertain Function,10-96702066-G-T,10-94942309-G-T,FALSE,FALSE
CYP2C9,*28,0.5,Decreased Function,10-96707695-A-T,10-94947938-A-T,FALSE,FALSE
CYP2C9,*29,0.5,Decreased Function,10-96731876-C-A,10-94972119-C-A,FALSE,FALSE
CYP2C9,*30,0.5,Decreased Function,10-96748741-G-A,10-94988984-G-A,FALSE,FALSE
CYP2C9,*31,0.5,Decreased Function,10-96740958-T-C,10-94981201-T-C,FALSE,FALSE
CYP2C9,*32,N/A,Uncertain Function,10-96748780-G-T,10-94989023-G-T,FALSE,FALSE
CYP2C9,*33,0,No Function,10-96702012-G-A,10-94942255-G-A,FALSE,FALSE
CYP2C9,*34,N/A,Uncertain Function,10-96740982-G-A,10-94981225-G-A,FALSE,FALSE
CYP2C9,*35,0,No Function,"10-96701991-G-T,10-96702047-C-T","10-94942234-G-T,10-94942290-C-T",FALSE,FALSE
CYP2C9,*36,N/A,Uncertain Function,10-96698440-A-G,10-94938683-A-G,FALSE,FALSE
CYP2C9,*37,0.5,Decreased Function,10-96698585-A-G,10-94938828-A-G,FALSE,FALSE
CYP2C9,*38,0.5,Decreased Function,10-96701733-G-C,10-94941976-G-C,FALSE,FALSE
CYP2C9,*39,0,No Function,10-96701739-G-T,10-94941982-G-T,FALSE,FALSE
CYP2C9,*40,N/A,Uncertain Function,10-96701775-T-C,10-94942018-T-C,FALSE,FALSE
CYP2C9,*41,N/A,Uncertain Function,10-96701973-A-G,10-94942216-A-G,FALSE,FALSE
CYP2C9,*42,0,No Function,10-96701988-G-A,10-94942231-G-A,FALSE,FALSE
CYP2C9,*43,0,No Function,10-96701987-C-T,10-94942230-C-T,FALSE,FALSE
CYP2C9,*44,0.5,Decreased Function,10-96702006-C-T,10-94942249-C-T,FALSE,FALSE
CYP2C9,*45,0,No Function,10-96702011-C-T,10-94942254-C-T,FALSE,FALSE
CYP2C9,*46,0.5,Decreased Function,10-96702062-G-A,10-94942305-G-A,FALSE,FALSE
CYP2C9,*47,N/A,Uncertain Function,10-96707542-C-T,10-94947785-C-T,FALSE,FALSE
CYP2C9,*48,N/A,Uncertain Function,10-96707674-T-C,10-94947917-T-C,FALSE,FALSE
CYP2C9,*49,N/A,Uncertain Function,10-96708886-A-G,10-94949129-A-G,FALSE,FALSE
CYP2C9,*50,0.5,Decreased Function,10-96708901-C-T,10-94949144-C-T,FALSE,FALSE
CYP2C9,*51,N/A,Uncertain Function,10-96731891-A-G,10-94972134-A-G,FALSE,FALSE
CYP2C9,*52,0,No Function,10-96731937-C-G,10-94972180-C-G,FALSE,FALSE
CYP2C9,*53,N/A,Uncertain Function,10-96731990-C-T,10-94972233-C-T,FALSE,FALSE
CYP2C9,*54,N/A,Uncertain Function,10-96741007-C-A,10-94981250-C-A,FALSE,FALSE
CYP2C9,*55,0.5,Decreased Function,10-96741059-C-A,10-94981302-C-A,FALSE,FALSE
CYP2C9,*56,N/A,Uncertain Function,10-96745799-A-G,10-94986042-A-G,FALSE,FALSE
CYP2C9,*57,N/A,Unknown Function,10-96707664-A-C,10-94947907-A-C,FALSE,FALSE
CYP2C9,*58,N/A,Uncertain Function,10-96740987-C-A,10-94981230-C-A,FALSE,FALSE
CYP2C9,*59,N/A,Uncertain Function,10-96748612-A-T,10-94988855-A-T,FALSE,FALSE
CYP2C9,*60,N/A,Uncertain Function,10-96748712-T-C,10-94988955-T-C,FALSE,FALSE
CYP2C9,*61,0.5,Decreased Function,"10-96702047-C-T,10-96748682-A-G","10-94942290-C-T,10-94988925-A-G",FALSE,FALSE
CYP2C9,*62,N/A,N/A,10-96701990-C-T,10-94942233-C-T,FALSE,FALSE
CYP2C9,*63,N/A,N/A,10-96702048-G-A,10-94942291-G-A,FALSE,FALSE
CYP2C9,*64,N/A,N/A,10-96731880-C-G,10-94972123-C-G,FALSE,FALSE
CYP2C9,*65,N/A,N/A,10-96740956-G-T,10-94981199-G-T,FALSE,FALSE
CYP2C9,*66,N/A,N/A,10-96741062-C-G,10-94981305-C-G,FALSE,FALSE
CYP2C9,*67,N/A,N/A,10-96748609-C-T,10-94988852-C-T,FALSE,FALSE
CYP2C9,*68,N/A,N/A,"10-96741128-G-A,10-96741053-A-C","10-94981371-G-A,10-94981296-A-C",FALSE,FALSE
CYP2C9,*69,N/A,N/A,10-96707626-A-G,10-94947869-A-G,FALSE,FALSE
CYP2C9,*70,N/A,N/A,10-96748637-G-T,10-94988880-G-T,FALSE,FALSE
CYP2C9,*71,N/A,N/A,"10-96709037-A-G,10-96748777-C-T","10-94949280-A-G,10-94989020-C-T",FALSE,FALSE
CYP2C19,*1,N/A,Normal Function,N/A,10-94842866-A-G,TRUE,FALSE
CYP2C19,*2,N/A,No Function,"10-96535124-A-G,10-96541616-G-A","10-94775367-A-G,10-94781859-G-A,10-94842866-A-G",FALSE,FALSE
CYP2C19,*3,N/A,No Function,10-96540410-G-A,"10-94780653-G-A,10-94842866-A-G",FALSE,FALSE
CYP2C19,*4,N/A,No Function,10-96522463-A-G,"10-94762706-A-G,10-94842866-A-G",FALSE,FALSE
CYP2C19,*5,N/A,No Function,10-96612495-C-T,10-94852738-C-T,FALSE,FALSE
CYP2C19,*6,N/A,No Function,10-96535210-G-A,"10-94775453-G-A,10-94842866-A-G",FALSE,FALSE
CYP2C19,*7,N/A,No Function,10-96541756-T-A,10-94781999-T-A,FALSE,FALSE
CYP2C19,*8,N/A,No Function,10-96535173-T-C,10-94775416-T-C,FALSE,FALSE
CYP2C19,*9,N/A,Decreased Function,10-96535246-G-A,"10-94775489-G-A,10-94842866-A-G",FALSE,FALSE
CYP2C19,*10,N/A,Decreased Function,10-96541615-C-T,"10-94781858-C-T,10-94842866-A-G",FALSE,FALSE
CYP2C19,*11,N/A,Normal Function,10-96535264-G-A,"10-94775507-G-A,10-94842866-A-G",FALSE,FALSE
CYP2C19,*12,N/A,Uncertain Function,10-96612671-A-C,"10-94842866-A-G,10-94852914-A-C",FALSE,FALSE
CYP2C19,*13,N/A,Normal Function,10-96609752-C-T,"10-94842866-A-G,10-94849995-C-T",FALSE,FALSE
CYP2C19,*14,N/A,Uncertain Function,10-96522512-T-C,"10-94842866-A-G,10-94762755-T-C",FALSE,FALSE
CYP2C19,*15,N/A,Normal Function,10-96522517-A-C,"10-94842866-A-G,10-94762760-A-C",FALSE,FALSE
CYP2C19,*16,N/A,Decreased Function,10-96612522-C-T,10-94852765-C-T,FALSE,FALSE
CYP2C19,*17,N/A,Increased Function,10-96521657-C-T,"10-94761900-C-T,10-94842866-A-G",FALSE,FALSE
CYP2C19,*18,N/A,Normal Function,10-96602618-G-A,"10-94842861-G-A,10-94842866-A-G",FALSE,FALSE
CYP2C19,*19,N/A,Decreased Function,10-96522613-A-G,"10-94762856-A-G,10-94842866-A-G",FALSE,FALSE
CYP2C19,*22,N/A,No Function,10-96540331-G-C,"10-94780574-G-C,10-94842866-A-G",FALSE,FALSE
CYP2C19,*23,N/A,Uncertain Function,10-96534917-G-C,"10-94775160-G-C,10-94842866-A-G",FALSE,FALSE
CYP2C19,*24,N/A,No Function,10-96602636-G-A,"10-94842866-A-G,10-94842879-G-A",FALSE,FALSE
CYP2C19,*25,N/A,Decreased Function,10-96612542-C-G,"10-94842866-A-G,10-94852785-C-G",FALSE,FALSE
CYP2C19,*26,N/A,Decreased Function,10-96541701-G-A,"10-94781944-G-A,10-94842866-A-G",FALSE,FALSE
CYP2C19,*28,N/A,Normal Function,"10-96522517-A-C,10-96602752-G-A","10-94762760-A-C,10-94842866-A-G,10-94842995-G-A",FALSE,FALSE
CYP2C19,*29,N/A,Uncertain Function,10-96522545-A-T,"10-94762788-A-T,10-94842866-A-G",FALSE,FALSE
CYP2C19,*30,N/A,Uncertain Function,10-96534863-C-T,10-94775106-C-T,FALSE,FALSE
CYP2C19,*31,N/A,Uncertain Function,10-96534878-C-T,"10-94775121-C-T,10-94842866-A-G",FALSE,FALSE
CYP2C19,*32,N/A,Uncertain Function,10-96534942-A-G,"10-94775185-A-G,10-94842866-A-G",FALSE,FALSE
CYP2C19,*33,N/A,Uncertain Function,10-96540336-G-A,"10-94780579-G-A,10-94842866-A-G",FALSE,FALSE
CYP2C19,*34,N/A,Uncertain Function,"10-96522469-C-T,10-96522472-T-C","10-94762712-C-T,10-94762715-T-C",FALSE,FALSE
CYP2C19,*35,N/A,No Function,10-96535124-A-G,"10-94775367-A-G,10-94842866-A-G",FALSE,FALSE
CYP2C19,*36,N/A,No Function,N/A,N/A,FALSE,TRUE
CYP2C19,*37,N/A,No Function,N/A,N/A,FALSE,TRUE
CYP2C19,*38,N/A,Normal Function,N/A,N/A,FALSE,FALSE
CYP2C19,*39,N/A,N/A,"10-96522517-A-C,10-96535180-A-C","10-94762760-A-C,10-94775423-A-C,10-94842866-A-G",FALSE,FALSE
CYP2D6,*1,1,Normal Function,N/A,N/A,TRUE,FALSE
CYP2D6,*2,1,Normal Function,N/A,"22-42127941-G-A,22-42126611-C-G",FALSE,FALSE
CYP2D6,*3,0,No Function,22-42524243-CT-C,22-42128241-CT-C,FALSE,FALSE
CYP2D6,*4,0,No Function,22-42524947-C-T,22-42128945-C-T,FALSE,FALSE
CYP2D6,*5,0,No Function,N/A,N/A,FALSE,TRUE
CYP2D6,*6,0,No Function,22-42525085-CA-C,22-42129083-CA-C,FALSE,FALSE
CYP2D6,*7,0,No Function,22-42523858-T-G,22-42127856-T-G,FALSE,FALSE
CYP2D6,*8,0,No Function,22-42525035-C-A,22-42129033-C-A,FALSE,FALSE
CYP2D6,*9,0.5,Decreased Function,22-42524175-CCTT-C,22-42128173-CCTT-C,FALSE,FALSE
CYP2D6,*10,0.25,Decreased Function,22-42526694-G-A,22-42130692-G-A,FALSE,FALSE
CYP2D6,*11,0,No Function,22-42525912-C-G,22-42129910-C-G,FALSE,FALSE
CYP2D6,*12,0,No Function,22-42526670-C-T,22-42130668-C-T,FALSE,FALSE
CYP2D6,*13,0,No Function,N/A,N/A,FALSE,TRUE
CYP2D6,*14,0.5,Decreased Function,22-42525035-C-T,22-42129033-C-T,FALSE,FALSE
CYP2D6,*15,0,No Function,22-42526656-C-CA,22-42130654-C-CA,FALSE,FALSE
CYP2D6,*17,0.5,Decreased Function,22-42525772-G-A,22-42129770-G-A,FALSE,FALSE
CYP2D6,*18,0,No Function,22-42522658-C-CCAGTGGGCA,22-42126656-C-CCAGTGGGCA,FALSE,FALSE
CYP2D6,*19,0,No Function,22-42524250-CAGTT-C,22-42128248-CAGTT-C,FALSE,FALSE
CYP2D6,*20,0,No Function,"22-42524820-T-TC,22-42524814-A-G","22-42128818-T-TC,22-42128812-A-G",FALSE,FALSE
CYP2D6,*21,0,No Function,22-42524213-C-CG,22-42128211-C-CG,FALSE,FALSE
CYP2D6,*22,N/A,Uncertain Function,22-42526712-G-A,22-42130710-G-A,FALSE,FALSE
CYP2D6,*23,N/A,Uncertain Function,22-42525838-G-A,22-42129836-G-A,FALSE,FALSE
CYP2D6,*24,N/A,Uncertain Function,22-42523940-T-G,22-42127938-T-G,FALSE,FALSE
CYP2D6,*25,N/A,Uncertain Function,22-42523595-G-C,22-42127593-G-C,FALSE,FALSE
CYP2D6,*26,N/A,Uncertain Function,22-42523516-A-G,22-42127514-A-G,FALSE,FALSE
CYP2D6,*27,1,Normal Function,22-42522940-C-T,22-42126938-C-T,FALSE,FALSE
CYP2D6,*28,N/A,Uncertain Function,"22-42526775-C-T,22-42525089-G-C","22-42130773-C-T,22-42129087-G-C",FALSE,FALSE
CYP2D6,*29,0.5,Decreased Function,"22-42525134-C-T,22-42523610-C-T","22-42129132-C-T,22-42127608-C-T",FALSE,FALSE
CYP2D6,*30,N/A,Uncertain Function,22-42524929-T-TGGGGCGAAA,22-42128927-T-TGGGGCGAAA,FALSE,FALSE
CYP2D6,*31,0,No Function,22-42522751-C-T,22-42126749-C-T,FALSE,FALSE
CYP2D6,*32,N/A,Uncertain Function,"22-42522940-C-T,22-42523805-C-T","22-42126938-C-T,22-42127803-C-T",FALSE,FALSE
CYP2D6,*33,1,Normal Function,22-42524310-C-A,22-42128308-C-A,FALSE,FALSE
CYP2D6,*34,1,Normal Function,N/A,22-42127941-G-A,FALSE,FALSE
CYP2D6,*35,1,Normal Function,22-42526763-C-T,22-42130761-C-T,FALSE,FALSE
CYP2D6,*36,0,No Function,"22-42526694-G-A,22-42522665-G-C,22-42522662-T-C,22-42522638-G-A,22-42522637-T-G,22-42522635-C-G,22-42522629-A-C,22-42522626-C-T,22-42522625-G-C","22-42130692-G-A,22-42126663-G-C,22-42126660-T-C,22-42126636-G-A,22-42126635-T-G,22-42126633-C-G,22-42126627-A-C,22-42126624-C-T,22-42126623-G-C,22-42126611-C-G",FALSE,FALSE
CYP2D6,*37,N/A,Uncertain Function,"22-42526694-G-A,22-42524850-C-T","22-42130692-G-A,22-42128848-C-T",FALSE,FALSE
CYP2D6,*38,0,No Function,22-42524200-CTCAG-C,22-42128198-CTCAG-C,FALSE,FALSE
CYP2D6,*39,1,Normal Function,N/A,22-42126611-C-G,FALSE,FALSE
CYP2D6,*40,0,No Function,"22-42525772-G-A,22-42524929-T-TGGGGCGAAAGGGGCGAAA","22-42129770-G-A,22-42128927-T-TGGGGCGAAAGGGGCGAAA",FALSE,FALSE
CYP2D6,*41,0.5,Decreased Function,22-42523805-C-T,22-42127803-C-T,FALSE,FALSE
CYP2D6,*42,0,No Function,22-42523532-G-GCA,22-42127530-G-GCA,FALSE,FALSE
CYP2D6,*43,N/A,Uncertain Function,22-42526717-C-T,22-42130715-C-T,FALSE,FALSE
CYP2D6,*44,0,No Function,"22-42526712-G-A,22-42523843-C-G","22-42130710-G-A,22-42127841-C-G",FALSE,FALSE
CYP2D6,*45,1,Normal Function,22-42525077-C-T,22-42129075-C-T,FALSE,FALSE
CYP2D6,*46,1,Normal Function,"22-42526717-C-T,22-42525077-C-T","22-42130715-C-T,22-42129075-C-T",FALSE,FALSE
CYP2D6,*47,0,No Function,"22-42526721-G-A,22-42526694-G-A","22-42130719-G-A,22-42130692-G-A",FALSE,FALSE
CYP2D6,*48,1,Normal Function,22-42525823-G-A,22-42129821-G-A,FALSE,FALSE
CYP2D6,*49,0.5,Decreased Function,"22-42526694-G-A,22-42525182-A-T","22-42130692-G-A,22-42129180-A-T",FALSE,FALSE
CYP2D6,*50,0.5,Decreased Function,22-42525073-T-G,22-42129071-T-G,FALSE,FALSE
CYP2D6,*51,0,No Function,22-42523621-T-G,22-42127619-T-G,FALSE,FALSE
CYP2D6,*52,N/A,Uncertain Function,"22-42526694-G-A,22-42522916-C-T","22-42130692-G-A,22-42126914-C-T",FALSE,FALSE
CYP2D6,*53,1,Normal Function,"22-42525182-A-T,22-42525176-C-A","22-42129180-A-T,22-42129174-C-A",FALSE,FALSE
CYP2D6,*54,0.5,Decreased Function,"22-42526694-G-A,22-42524237-G-A","22-42130692-G-A,22-42128235-G-A",FALSE,FALSE
CYP2D6,*55,0.5,Decreased Function,22-42522958-T-G,22-42126956-T-G,FALSE,FALSE
CYP2D6,*56,0,No Function,22-42523592-G-A,22-42127590-G-A,FALSE,FALSE
CYP2D6,*57,0,No Function,"22-42526694-G-A,22-42525908-G-A,22-42522665-G-C,22-42522662-T-C,22-42522638-G-A,22-42522637-T-G,22-42522635-C-G,22-42522629-A-C,22-42522625-G-C,22-42522626-C-T","22-42130692-G-A,22-42129906-G-A,22-42126663-G-C,22-42126660-T-C,22-42126636-G-A,22-42126635-T-G,22-42126633-C-G,22-42126627-A-C,22-42126623-G-C,22-42126611-C-G,22-42126624-C-T",FALSE,FALSE
CYP2D6,*58,N/A,Unknown Function,"22-42525772-G-A,22-42524929-T-TGGGGCGAAA","22-42129770-G-A,22-42128927-T-TGGGGCGAAA,22-42127941-G-A,22-42126611-C-G",FALSE,FALSE
CYP2D6,*59,0.5,Decreased Function,22-42523854-C-T,22-42127852-C-T,FALSE,FALSE
CYP2D6,*60,0,No Function,22-42524905-T-TTA,22-42128903-T-TTA,FALSE,FALSE
CYP2D6,*61,N/A,Uncertain Function,N/A,N/A,FALSE,TRUE
CYP2D6,*62,0,No Function,22-42522749-G-A,22-42126747-G-A,FALSE,FALSE
CYP2D6,*63,N/A,Uncertain Function,N/A,N/A,FALSE,TRUE
CYP2D6,*64,N/A,Uncertain Function,"22-42526694-G-A,22-42525772-G-A","22-42130692-G-A,22-42129770-G-A",FALSE,FALSE
CYP2D6,*65,N/A,Uncertain Function,22-42526694-G-A,22-42130692-G-A,FALSE,FALSE
CYP2D6,*68,0,No Function,N/A,N/A,FALSE,TRUE
CYP2D6,*69,0,No Function,"22-42526694-G-A,22-42523805-C-T","22-42130692-G-A,22-42127803-C-T",FALSE,FALSE
CYP2D6,*70,N/A,Uncertain Function,"22-42525185-C-T,22-42525134-C-T,22-42523610-C-T","22-42129183-C-T,22-42129132-C-T,22-42127608-C-T,22-42126611-C-G",FALSE,FALSE
CYP2D6,*71,N/A,Uncertain Function,22-42526669-C-T,22-42130667-C-T,FALSE,FALSE
CYP2D6,*72,N/A,Uncertain Function,"22-42526694-G-A,22-42523475-C-T","22-42130692-G-A,22-42127473-C-T",FALSE,FALSE
CYP2D6,*73,N/A,Unknown Function,22-42525782-C-T,22-42129780-C-T,FALSE,FALSE
CYP2D6,*74,N/A,Unknown Function,22-42525821-G-T,22-42129819-G-T,FALSE,FALSE
CYP2D6,*75,N/A,Uncertain Function,22-42522748-C-T,22-42126746-C-T,FALSE,FALSE
CYP2D6,*81,0,No Function,"22-42524214-G-A,22-42524187-C-T,22-42524183-A-T","22-42128212-G-A,22-42128185-C-T,22-42128181-A-T",FALSE,FALSE
CYP2D6,*82,N/A,Unknown Function,"22-42525821-G-T,22-42525811-T-C,22-42525781-A-G,22-42525773-T-A,22-42525772-G-T,22-42525767-T-C","22-42129819-G-T,22-42129809-T-C,22-42129779-A-G,22-42129771-T-A,22-42129770-G-T,22-42129765-T-C",FALSE,FALSE
CYP2D6,*83,N/A,Uncertain Function,"22-42522665-G-C,22-42522662-T-C,22-42522638-G-A,22-42522637-T-G,22-42522635-C-G,22-42522629-A-C,22-42522625-G-C,22-42522626-C-T","22-42126663-G-C,22-42126660-T-C,22-42126636-G-A,22-42126635-T-G,22-42126633-C-G,22-42126627-A-C,22-42126623-G-C,22-42126624-C-T,22-42126611-C-G",FALSE,FALSE
CYP2D6,*84,N/A,Uncertain Function,22-42524219-G-T,22-42128217-G-T,FALSE,FALSE
CYP2D6,*85,N/A,Unknown Function,22-42522636-A-C,22-42126634-A-C,FALSE,FALSE
CYP2D6,*86,N/A,Unknown Function,"22-42524187-C-T,22-42524183-A-T","22-42128185-C-T,22-42128181-A-T",FALSE,FALSE
CYP2D6,*87,N/A,Uncertain Function,"22-42526780-G-A,22-42526694-G-A","22-42130778-G-A,22-42130692-G-A",FALSE,FALSE
CYP2D6,*88,N/A,Uncertain Function,22-42525781-A-G,22-42129779-A-G,FALSE,FALSE
CYP2D6,*89,N/A,Uncertain Function,22-42525115-A-G,22-42129113-A-G,FALSE,FALSE
CYP2D6,*90,N/A,Uncertain Function,22-42525100-T-C,22-42129098-T-C,FALSE,FALSE
CYP2D6,*91,N/A,Uncertain Function,"22-42525058-C-G,22-42523805-C-T","22-42129056-C-G,22-42127803-C-T",FALSE,FALSE
CYP2D6,*92,0,No Function,22-42524797-AG-A,22-42128795-AG-A,FALSE,FALSE
CYP2D6,*93,N/A,Uncertain Function,22-42524274-T-G,22-42128272-T-G,FALSE,FALSE
CYP2D6,*94,N/A,Uncertain Function,"22-42526694-G-A,22-42523612-T-C","22-42130692-G-A,22-42127610-T-C",FALSE,FALSE
CYP2D6,*95,N/A,Uncertain Function,"22-42526694-G-A,22-42523459-C-T","22-42130692-G-A,22-42127457-C-T",FALSE,FALSE
CYP2D6,*96,0,No Function,22-42522898-G-A,22-42126896-G-A,FALSE,FALSE
CYP2D6,*97,N/A,Uncertain Function,22-42522699-G-T,22-42126697-G-T,FALSE,FALSE
CYP2D6,*98,N/A,Uncertain Function,22-42522683-G-C,22-42126681-G-C,FALSE,FALSE
CYP2D6,*99,0,No Function,"22-42526694-G-A,22-42525829-C-G","22-42130692-G-A,22-42129827-C-G",FALSE,FALSE
CYP2D6,*100,0,No Function,"22-42526694-G-A,22-42523964-TG-T",22-42127962-TG-T,FALSE,FALSE
CYP2D6,*101,0,No Function,"22-42526694-G-A,22-42523847-GCACATCCGGATGTAGGATC-G","22-42130692-G-A,22-42127845-GCACATCCGGATGTAGGATC-G",FALSE,FALSE
CYP2D6,*102,N/A,Uncertain Function,22-42525823-G-A,22-42129821-G-A,FALSE,FALSE
CYP2D6,*103,N/A,Unknown Function,"22-42525823-G-A,22-42525044-T-C","22-42129821-G-A,22-42129042-T-C",FALSE,FALSE
CYP2D6,*104,N/A,Unknown Function,22-42525073-T-A,22-42129071-T-A,FALSE,FALSE
CYP2D6,*105,N/A,Unknown Function,22-42523525-A-G,22-42127523-A-G,FALSE,FALSE
CYP2D6,*106,N/A,Uncertain Function,22-42522916-C-T,22-42126914-C-T,FALSE,FALSE
CYP2D6,*107,N/A,Unknown Function,22-42525134-C-T,22-42129132-C-T,FALSE,FALSE
CYP2D6,*108,N/A,Unknown Function,"22-42523567-T-C,22-42523558-T-C","22-42127565-T-C,22-42127556-T-C",FALSE,FALSE
CYP2D6,*109,N/A,Uncertain Function,"22-42524175-CCTT-C,22-42523610-C-T","22-42128173-CCTT-C,22-42127608-C-T",FALSE,FALSE
CYP2D6,*110,N/A,Unknown Function,22-42522737-C-T,22-42126735-C-T,FALSE,FALSE
CYP2D6,*111,N/A,Unknown Function,22-42525761-C-T,22-42129759-C-T,FALSE,FALSE
CYP2D6,*112,N/A,Unknown Function,22-42522607-G-A,22-42126605-G-A,FALSE,FALSE
CYP2D6,*113,N/A,Unknown Function,22-42522754-C-T,22-42126752-C-T,FALSE,FALSE
CYP2D6,*114,0,No Function,"22-42526694-G-A,22-42525035-C-T","22-42130692-G-A,22-42129033-C-T",FALSE,FALSE
CYP2D6,*115,N/A,Unknown Function,"22-42524175-CCTT-C,22-42523975-T-C","22-42128173-CCTT-C,22-42127973-T-C",FALSE,FALSE
CYP2D6,*116,N/A,Unknown Function,22-42523633-C-G,22-42127631-C-G,FALSE,FALSE
CYP2D6,*117,N/A,Unknown Function,22-42523613-C-T,22-42127611-C-T,FALSE,FALSE
CYP2D6,*118,N/A,Unknown Function,22-42523901-T-C,22-42127899-T-C,FALSE,FALSE
CYP2D6,*119,N/A,Unknown Function,22-42523805-C-T,22-42127803-C-T,FALSE,FALSE
CYP2D6,*120,0,No Function,22-42526729-AG-A,22-42130727-AG-A,FALSE,FALSE
CYP2D6,*121,N/A,Unknown Function,"22-42525044-T-C,22-42525039-G-T,22-42525038-A-C","22-42129042-T-C,22-42129037-G-T,22-42129036-A-C",FALSE,FALSE
CYP2D6,*122,N/A,Unknown Function,22-42523514-C-T,22-42127512-C-T,FALSE,FALSE
CYP2D6,*123,N/A,Unknown Function,"22-42523924-A-G,22-42523805-C-T","22-42127922-A-G,22-42127803-C-T",FALSE,FALSE
CYP2D6,*124,0,No Function,22-42522982-TGA-T,22-42126980-TGA-T,FALSE,FALSE
CYP2D6,*125,N/A,Unknown Function,22-42522721-C-T,22-42126719-C-T,FALSE,FALSE
CYP2D6,*126,N/A,Unknown Function,22-42525136-G-A,22-42129134-G-A,FALSE,FALSE
CYP2D6,*127,N/A,Unknown Function,"22-42523558-T-C,22-42523528-C-T","22-42127556-T-C,22-42127526-C-T",FALSE,FALSE
CYP2D6,*128,N/A,Unknown Function,22-42525889-A-C,22-42129887-A-C,FALSE,FALSE
CYP2D6,*129,0,No Function,22-42525157-C-T,22-42129155-C-T,FALSE,FALSE
CYP2D6,*130,N/A,Unknown Function,"22-42524881-A-G,22-42524880-C-A","22-42128879-A-G,22-42128878-C-A",FALSE,FALSE
CYP2D6,*131,N/A,Unknown Function,22-42524327-A-G,22-42128325-A-G,FALSE,FALSE
CYP2D6,*132,N/A,Unknown Function,"22-42526694-G-A,22-42523975-T-C","22-42130692-G-A,22-42127973-T-C",FALSE,FALSE
CYP2D6,*133,N/A,Unknown Function,22-42523604-C-T,22-42127602-C-T,FALSE,FALSE
CYP2D6,*134,N/A,Unknown Function,22-42523591-C-T,22-42127589-C-T,FALSE,FALSE
CYP2D6,*135,N/A,Unknown Function,22-42522928-G-A,22-42126926-G-A,FALSE,FALSE
CYP2D6,*136,N/A,Unknown Function,22-42522879-G-A,22-42126877-G-A,FALSE,FALSE
CYP2D6,*137,N/A,Unknown Function,22-42522580-C-T,22-42126578-C-T,FALSE,FALSE
CYP2D6,*138,N/A,Unknown Function,"22-42523805-C-T,22-42522649-C-T","22-42127803-C-T,22-42126647-C-T",FALSE,FALSE
CYP2D6,*139,N/A,Unknown Function,22-42523528-C-T,22-42127526-C-T,FALSE,FALSE
CYP2D6,*140,N/A,N/A,22-42524331-G-A,22-42128329-G-A,FALSE,FALSE
CYP2D6,*141,N/A,N/A,"22-42525772-G-A,22-42522940-C-T,22-42522665-G-C,22-42522662-T-C,22-42522638-G-A,22-42522637-T-G,22-42522635-C-G,22-42522629-A-C,22-42522626-C-T,22-42522625-G-C","22-42129770-G-A,22-42127941-G-A,22-42126938-C-T,22-42126663-G-C,22-42126660-T-C,22-42126636-G-A,22-42126635-T-G,22-42126633-C-G,22-42126627-A-C,22-42126624-C-T,22-42126623-G-C,22-42126611-C-G",FALSE,FALSE
CYP2D6,*142,N/A,N/A,"22-42526712-G-A,22-42526694-G-A","22-42130710-G-A,22-42130692-G-A",FALSE,FALSE
CYP2D6,*143,0,No Function,"22-42526763-C-T,22-42525168-A-C","22-42130761-C-T,22-42129166-A-C",FALSE,FALSE
CYP2D6,*144,N/A,N/A,22-42524353-C-T,22-42128351-C-T,FALSE,FALSE
CYP2D6,*145,N/A,N/A,22-42524929-T-TGGGGCGAAA,22-42128927-T-TGGGGCGAAA,FALSE,FALSE
CYP2F1,*1,N/A,N/A,N/A,N/A,TRUE,FALSE
CYP2F1,*2,N/A,N/A,"19-41627868-G-A,19-41622107-G-GC,19-41628014-G-C","19-41121963-G-A,19-41116202-G-GC,19-41122109-G-C",FALSE,FALSE
CYP2F1,*3,N/A,N/A,"19-41627868-G-A,19-41628014-G-C,19-41633980-C-T","19-41121963-G-A,19-41122109-G-C,19-41128075-C-T",FALSE,FALSE
CYP2F1,*4,N/A,N/A,"19-41627868-G-A,19-41622205-T-C","19-41121963-G-A,19-41116300-T-C",FALSE,FALSE
CYP2F1,*5,N/A,N/A,19-41631417-T-C,19-41125512-T-C,FALSE,FALSE
CYP2F1,*6,N/A,N/A,19-41622481-G-C,19-41116576-G-C,FALSE,FALSE
CYP2J2,*1,N/A,N/A,N/A,N/A,TRUE,FALSE
CYP2J2,*2,N/A,N/A,1-60377930-T-C,1-59912258-T-C,FALSE,FALSE
CYP2J2,*3,N/A,N/A,1-60377885-G-A,1-59912213-G-A,FALSE,FALSE
CYP2J2,*4,N/A,N/A,1-60377389-A-T,1-59911717-A-T,FALSE,FALSE
CYP2J2,*5,N/A,N/A,1-60370710-C-T,1-59905038-C-T,FALSE,FALSE
CYP2J2,*6,N/A,N/A,1-60366757-T-A,1-59901085-T-A,FALSE,FALSE
CYP2J2,*7,N/A,N/A,1-60392494-C-A,1-59926822-C-A,FALSE,FALSE
CYP2J2,*8,N/A,N/A,1-60373527-C-T,1-59907855-C-T,FALSE,FALSE
CYP2J2,*9,N/A,N/A,1-60370682-G-A,1-59905010-G-A,FALSE,FALSE
CYP2J2,*10,N/A,N/A,1-60381639-G-A,1-59915967-G-A,FALSE,FALSE
CYP2R1,*1,N/A,N/A,N/A,N/A,TRUE,FALSE
CYP2R1,*2,N/A,N/A,11-14907393-A-G,11-14885847-A-G,FALSE,FALSE
CYP2S1,*1,N/A,N/A,N/A,N/A,TRUE,FALSE
CYP2S1,*2,N/A,N/A,19-41709516-C-T,19-41203611-C-T,FALSE,FALSE
CYP2S1,*3,N/A,N/A,19-41712275-C-T,19-41206370-C-T,FALSE,FALSE
CYP2S1,*4,N/A,N/A,19-41700453-G-A,19-41194548-G-A,FALSE,FALSE
CYP2S1,*5,N/A,N/A,19-41704648-T-G,19-41198743-T-G,FALSE,FALSE
CYP2W1,*1,N/A,N/A,N/A,N/A,TRUE,FALSE
CYP2W1,*2,N/A,N/A,"7-1023013-C-T,7-1024855-G-A","7-983377-C-T,7-985219-G-A",FALSE,FALSE
CYP2W1,*3,N/A,N/A,"7-1023013-C-T,7-1023020-A-C","7-983377-C-T,7-983384-A-C",FALSE,FALSE
CYP2W1,*4,N/A,N/A,7-1028279-G-A,7-988643-G-A,FALSE,FALSE
CYP2W1,*5,N/A,N/A,"7-1028279-G-A,7-1028431-G-C","7-988643-G-A,7-988795-G-C",FALSE,FALSE
CYP2W1,*6,N/A,N/A,7-1028448-C-T,7-988812-C-T,FALSE,FALSE
CYP3A4,*1,N/A,N/A,N/A,N/A,TRUE,FALSE
CYP3A4,*2,N/A,N/A,7-99365983-A-G,7-99768360-A-G,FALSE,FALSE
CYP3A4,*3,N/A,N/A,7-99358524-A-G,7-99760901-A-G,FALSE,FALSE
CYP3A4,*4,N/A,N/A,7-99367825-T-C,7-99770202-T-C,FALSE,FALSE
CYP3A4,*5,N/A,N/A,7-99365994-G-C,7-99768371-G-C,FALSE,FALSE
CYP3A4,*6,N/A,N/A,7-99364034-G-GT,7-99766411-G-GT,FALSE,FALSE
CYP3A4,*7,N/A,N/A,7-99375702-C-T,7-99778079-C-T,FALSE,FALSE
CYP3A4,*8,N/A,N/A,7-99367788-C-T,7-99770165-C-T,FALSE,FALSE
CYP3A4,*9,N/A,N/A,7-99367404-C-T,7-99769781-C-T,FALSE,FALSE
CYP3A4,*10,N/A,N/A,7-99367392-C-G,7-99769769-C-G,FALSE,FALSE
CYP3A4,*11,N/A,N/A,7-99359829-G-A,7-99762206-G-A,FALSE,FALSE
CYP3A4,*12,N/A,N/A,7-99359800-G-A,7-99762177-G-A,FALSE,FALSE
CYP3A4,*13,N/A,N/A,7-99359670-G-A,7-99762047-G-A,FALSE,FALSE
CYP3A4,*14,N/A,N/A,7-99381661-A-G,7-99784038-A-G,FALSE,FALSE
CYP3A4,*15,N/A,N/A,7-99367427-C-T,7-99769804-C-T,FALSE,FALSE
CYP3A4,*16,N/A,N/A,7-99366093-G-C,7-99768470-G-C,FALSE,FALSE
CYP3A4,*17,N/A,N/A,7-99366081-A-G,7-99768458-A-G,FALSE,FALSE
CYP3A4,*18,N/A,N/A,7-99361626-A-G,7-99764003-A-G,FALSE,FALSE
CYP3A4,*19,N/A,N/A,7-99358459-G-A,7-99760836-G-A,FALSE,FALSE
CYP3A4,*20,N/A,N/A,7-99355806-G-GT,7-99758183-G-GT,FALSE,FALSE
CYP3A4,*21,N/A,N/A,7-99361548-T-C,7-99763925-T-C,FALSE,FALSE
CYP3A4,*22,N/A,N/A,7-99366316-G-A,7-99768693-G-A,FALSE,FALSE
CYP3A4,*23,N/A,N/A,7-99367428-G-A,7-99769805-G-A,FALSE,FALSE
CYP3A4,*24,N/A,N/A,7-99366047-T-A,7-99768424-T-A,FALSE,FALSE
CYP3A4,*26,N/A,N/A,7-99364063-G-A,7-99766440-G-A,FALSE,FALSE
CYP3A4,*28,N/A,N/A,7-99381641-G-C,7-99784018-G-C,FALSE,FALSE
CYP3A4,*29,N/A,N/A,7-99367840-A-T,7-99770217-A-T,FALSE,FALSE
CYP3A4,*30,N/A,N/A,7-99367789-G-A,7-99770166-G-A,FALSE,FALSE
CYP3A4,*31,N/A,N/A,7-99361532-G-T,7-99763909-G-T,FALSE,FALSE
CYP3A4,*32,N/A,N/A,7-99361500-A-G,7-99763877-A-G,FALSE,FALSE
CYP3A4,*33,N/A,N/A,7-99359809-C-A,7-99762186-C-A,FALSE,FALSE
CYP3A4,*34,N/A,N/A,7-99358579-T-C,7-99760956-T-C,FALSE,FALSE
CYP3A4,*35,N/A,N/A,7-99381698-G-C,7-99784075-G-C,FALSE,FALSE
CYP3A5,*1,N/A,Normal Function,N/A,N/A,TRUE,FALSE
CYP3A5,*2,N/A,Unknown Function,7-99250236-G-T,7-99652613-G-T,FALSE,FALSE
CYP3A5,*3,N/A,No Function,N/A,7-99672916-T-C,FALSE,FALSE
CYP3A5,*4,N/A,Unknown Function,7-99262860-T-C,7-99665237-T-C,FALSE,FALSE
CYP3A5,*5,N/A,Unknown Function,7-99264573-A-G,7-99666950-A-G,FALSE,FALSE
CYP3A5,*6,N/A,No Function,7-99262835-C-T,7-99665212-C-T,FALSE,FALSE
CYP3A5,*7,N/A,No Function,7-99250393-T-TA,7-99652770-T-TA,FALSE,FALSE
CYP3A5,*8,N/A,Unknown Function,7-99273821-G-A,7-99676198-G-A,FALSE,FALSE
CYP3A5,*9,N/A,Unknown Function,7-99258139-C-T,7-99660516-C-T,FALSE,FALSE
CYP3A7,*1,N/A,N/A,7-99306685-C-G,N/A,TRUE,FALSE
CYP3A7,*2,N/A,N/A,N/A,7-99709062-G-C,FALSE,FALSE
CYP3A7,*3,N/A,N/A,"7-99328706-C-CA,7-99306685-C-G",7-99731083-C-CA,FALSE,FALSE
CYP3A43,*1,N/A,N/A,N/A,N/A,TRUE,FALSE
CYP3A43,*2,N/A,N/A,7-99434077-TA-T,7-99836454-TA-T,FALSE,FALSE
CYP3A43,*3,N/A,N/A,7-99457605-C-G,7-99859982-C-G,FALSE,FALSE
CYP4F2,*1,N/A,Normal Function,N/A,N/A,TRUE,FALSE
CYP4F2,*2,N/A,N/A,19-16008388-A-C,19-15897578-A-C,FALSE,FALSE
CYP4F2,*3,N/A,N/A,19-15990431-C-T,19-15879621-C-T,FALSE,FALSE
CYP26A1,*1,N/A,N/A,N/A,N/A,TRUE,FALSE
CYP26A1,*2,N/A,N/A,10-94834638-C-A,10-93074881-C-A,FALSE,FALSE
CYP26A1,*3,N/A,N/A,10-94834679-C-A,10-93074922-C-A,FALSE,FALSE
CYP26A1,*4,N/A,N/A,10-94836373-T-C,10-93076616-T-C,FALSE,FALSE
DPYD,Reference,1,Normal Function,N/A,N/A,TRUE,FALSE
DPYD,c.1905+1G>A (*2A),0,No Function,1-97915614-C-T,1-97450058-C-T,FALSE,FALSE
DPYD,c.1898delC (*3),0,No Function,1-97915621-TG-T,1-97450065-TG-T,FALSE,FALSE
DPYD,c.1601G>A (*4),1,Normal Function,1-97981421-C-T,1-97515865-C-T,FALSE,FALSE
DPYD,c.1627A>G (*5),1,Normal Function,1-97981395-T-C,1-97515839-T-C,FALSE,FALSE
DPYD,c.2194G>A (*6),1,Normal Function,1-97770920-C-T,1-97305364-C-T,FALSE,FALSE
DPYD,c.295_298delTCAT (*7),0,No Function,1-98205966-GATGA-G,1-97740410-GATGA-G,FALSE,FALSE
DPYD,c.703C>T (*8),0,No Function,1-98157332-G-A,1-97691776-G-A,FALSE,FALSE
DPYD,c.85T>C (*9A),1,Normal Function,N/A,1-97883329-A-G,FALSE,FALSE
DPYD,c.2657G>A (*9B),1,Normal Function,1-97564154-C-T,1-97098598-C-T,FALSE,FALSE
DPYD,c.2983G>T (*10),0,No Function,1-97544627-C-A,1-97079071-C-A,FALSE,FALSE
DPYD,c.1003G>T (*11),1,Normal Function,1-98058899-C-A,1-97593343-C-A,FALSE,FALSE
DPYD,c.1156G>T (*12),0,No Function,1-98039499-C-A,1-97573943-C-A,FALSE,FALSE
DPYD,c.1679T>G (*13),0,No Function,1-97981343-A-C,1-97515787-A-C,FALSE,FALSE
DPYD,"c.1129-5923C>G,  c.1236G>A (HapB3)",0.5,Decreased Function,"1-98039419-C-T,1-98045449-G-C","1-97573863-C-T,1-97579893-G-C",FALSE,FALSE
DPYD,c.2846A>T,0.5,Decreased Function,1-97547947-T-A,1-97082391-T-A,FALSE,FALSE
DPYD,c.557A>G,0.5,Decreased Function,1-98165030-T-C,1-97699474-T-C,FALSE,FALSE
DPYD,c.62G>A,1,Normal Function,1-98348908-C-T,1-97883352-C-T,FALSE,FALSE
DPYD,c.496A>G,1,Normal Function,1-98165091-T-C,1-97699535-T-C,FALSE,FALSE
DPYD,c.1218G>A,1,Normal Function,1-98039437-C-T,1-97573881-C-T,FALSE,FALSE
DPYD,c.1896T>C,1,Normal Function,1-97915624-A-G,1-97450068-A-G,FALSE,FALSE
DPYD,c.46C>G,1,Normal Function,1-98348924-G-C,1-97883368-G-C,FALSE,FALSE
DPYD,c.61C>T,0,No Function,1-98348909-G-A,1-97883353-G-A,FALSE,FALSE
DPYD,c.313G>A,1,Normal Function,1-98205956-C-T,1-97740400-C-T,FALSE,FALSE
DPYD,c.343A>G,1,Normal Function,1-98187206-T-C,1-97721650-T-C,FALSE,FALSE
DPYD,c.451A>G,1,Normal Function,1-98187098-T-C,1-97721542-T-C,FALSE,FALSE
DPYD,c.498G>A,1,Normal Function,1-98165089-C-T,1-97699533-C-T,FALSE,FALSE
DPYD,c.601A>C,0,No Function,1-98164986-T-G,1-97699430-T-G,FALSE,FALSE
DPYD,c.632A>G,0,No Function,1-98164955-T-C,1-97699399-T-C,FALSE,FALSE
DPYD,c.775A>G,1,Normal Function,1-98144726-T-C,1-97679170-T-C,FALSE,FALSE
DPYD,c.868A>G,0.5,Decreased Function,1-98060705-T-C,1-97595149-T-C,FALSE,FALSE
DPYD,c.929T>C,1,Normal Function,1-98060644-A-G,1-97595088-A-G,FALSE,FALSE
DPYD,c.934C>T,1,Normal Function,1-98060639-G-A,1-97595083-G-A,FALSE,FALSE
DPYD,c.967G>A,1,Normal Function,1-98058935-C-T,1-97593379-C-T,FALSE,FALSE
DPYD,c.1024G>A,0,No Function,1-98058878-C-T,1-97593322-C-T,FALSE,FALSE
DPYD,c.1057C>T,0,No Function,1-98058845-G-A,1-97593289-G-A,FALSE,FALSE
DPYD,c.1108A>G,1,Normal Function,1-98058794-T-C,1-97593238-T-C,FALSE,FALSE
DPYD,c.1181G>T,1,Normal Function,1-98039474-C-A,1-97573918-C-A,FALSE,FALSE
DPYD,c.1180C>T,1,Normal Function,1-98039475-G-A,1-97573919-G-A,FALSE,FALSE
DPYD,c.1260T>A,1,Normal Function,1-98039395-A-T,1-97573839-A-T,FALSE,FALSE
DPYD,c.1278G>T,1,Normal Function,1-98039377-C-A,1-97573821-C-A,FALSE,FALSE
DPYD,c.1294G>A,1,Normal Function,1-98039361-C-T,1-97573805-C-T,FALSE,FALSE
DPYD,c.1314T>G,0.5,Decreased Function,1-98039341-A-C,1-97573785-A-C,FALSE,FALSE
DPYD,c.1349C>T,1,Normal Function,1-98015291-G-A,1-97549735-G-A,FALSE,FALSE
DPYD,c.1358C>G,1,Normal Function,1-98015282-G-C,1-97549726-G-C,FALSE,FALSE
DPYD,c.1403C>A,1,Normal Function,1-98015237-G-T,1-97549681-G-T,FALSE,FALSE
DPYD,c.1475C>T,0,No Function,1-98015165-G-A,1-97549609-G-A,FALSE,FALSE
DPYD,c.1484A>G,0,No Function,1-98015156-T-C,1-97549600-T-C,FALSE,FALSE
DPYD,c.1519G>A,1,Normal Function,1-98015121-C-T,1-97549565-C-T,FALSE,FALSE
DPYD,c.1543G>A,1,Normal Function,1-97981479-C-T,1-97515923-C-T,FALSE,FALSE
DPYD,c.1577C>G,1,Normal Function,1-97981445-G-C,1-97515889-G-C,FALSE,FALSE
DPYD,c.1615G>A,1,Normal Function,1-97981407-C-T,1-97515851-C-T,FALSE,FALSE
DPYD,c.1682G>T,1,Normal Function,1-97981340-C-A,1-97515784-C-A,FALSE,FALSE
DPYD,c.1775G>A,0,No Function,1-97915745-C-T,1-97450189-C-T,FALSE,FALSE
DPYD,c.1774C>T,0,No Function,1-97915746-G-A,1-97450190-G-A,FALSE,FALSE
DPYD,c.1777G>A,0,No Function,1-97915743-C-T,1-97450187-C-T,FALSE,FALSE
DPYD,c.1796T>C,1,Normal Function,1-97915724-A-G,1-97450168-A-G,FALSE,FALSE
DPYD,c.1905C>G,1,Normal Function,1-97915615-G-C,1-97450059-G-C,FALSE,FALSE
DPYD,c.1906A>C,1,Normal Function,1-97848017-T-G,1-97382461-T-G,FALSE,FALSE
DPYD,c.1990G>T,1,Normal Function,1-97839185-C-A,1-97373629-C-A,FALSE,FALSE
DPYD,c.2021G>A,0,No Function,1-97839154-C-T,1-97373598-C-T,FALSE,FALSE
DPYD,c.2161G>A,1,Normal Function,1-97771751-C-T,1-97306195-C-T,FALSE,FALSE
DPYD,c.2186C>T,1,Normal Function,1-97770928-G-A,1-97305372-G-A,FALSE,FALSE
DPYD,c.2195T>G,1,Normal Function,1-97770919-A-C,1-97305363-A-C,FALSE,FALSE
DPYD,c.2279C>T,0.5,Decreased Function,1-97770835-G-A,1-97305279-G-A,FALSE,FALSE
DPYD,c.2303C>A,1,Normal Function,1-97700547-G-T,1-97234991-G-T,FALSE,FALSE
DPYD,c.2336C>A,1,Normal Function,1-97700514-G-T,1-97234958-G-T,FALSE,FALSE
DPYD,c.2482G>A,1,Normal Function,1-97658765-C-T,1-97193209-C-T,FALSE,FALSE
DPYD,c.2582A>G,1,Normal Function,1-97658665-T-C,1-97193109-T-C,FALSE,FALSE
DPYD,c.2623A>C,1,Normal Function,1-97564188-T-G,1-97098632-T-G,FALSE,FALSE
DPYD,c.2639G>T,0,No Function,1-97564172-C-A,1-97098616-C-A,FALSE,FALSE
DPYD,c.2656C>T,1,Normal Function,1-97564155-G-A,1-97098599-G-A,FALSE,FALSE
DPYD,c.2872A>G,0,No Function,1-97547921-T-C,1-97082365-T-C,FALSE,FALSE
DPYD,c.2915A>G,1,Normal Function,1-97544695-T-C,1-97079139-T-C,FALSE,FALSE
DPYD,c.2921A>T,1,Normal Function,1-97544689-T-A,1-97079133-T-A,FALSE,FALSE
DPYD,c.2933A>G,0,No Function,1-97544677-T-C,1-97079121-T-C,FALSE,FALSE
DPYD,c.2978T>G,1,Normal Function,1-97544632-A-C,1-97079076-A-C,FALSE,FALSE
DPYD,c.2977C>T,1,Normal Function,1-97544633-G-A,1-97079077-G-A,FALSE,FALSE
DPYD,c.3049G>A,1,Normal Function,1-97544561-C-T,1-97079005-C-T,FALSE,FALSE
DPYD,c.3061G>C,1,Normal Function,1-97544549-C-G,1-97078993-C-G,FALSE,FALSE
DPYD,c.3067C>A,1,Normal Function,1-97544543-G-T,1-97078987-G-T,FALSE,FALSE
DPYD,c.525G>A,1,Normal Function,1-98165062-C-T,1-97699506-C-T,FALSE,FALSE
DPYD,c.1371C>T,1,Normal Function,1-98015269-G-A,1-97549713-G-A,FALSE,FALSE
NUDT15,*1,N/A,Normal Function,N/A,N/A,TRUE,FALSE
NUDT15,*2,N/A,No Function,"13-48611918-A-AGGAGTC,13-48619855-C-T","13-48037782-A-AGGAGTC,13-48045719-C-T",FALSE,FALSE
NUDT15,*3,N/A,No Function,13-48619855-C-T,13-48045719-C-T,FALSE,FALSE
NUDT15,*4,N/A,Uncertain Function,13-48619856-G-A,13-48045720-G-A,FALSE,FALSE
NUDT15,*5,N/A,Uncertain Function,13-48611934-G-A,13-48037798-G-A,FALSE,FALSE
NUDT15,*6,N/A,Uncertain Function,13-48611918-A-AGGAGTC,13-48037782-A-AGGAGTC,FALSE,FALSE
NUDT15,*7,N/A,Uncertain Function,13-48611983-G-C,13-48037847-G-C,FALSE,FALSE
NUDT15,*8,N/A,Uncertain Function,13-48611985-A-G,13-48037849-A-G,FALSE,FALSE
NUDT15,*9,N/A,No Function,13-48611918-AGGAGTC-A,13-48037782-AGGAGTC-A,FALSE,FALSE
NUDT15,*10,N/A,Uncertain Function,13-48611884-T-C,13-48037748-T-C,FALSE,FALSE
NUDT15,*11,N/A,Uncertain Function,13-48612021-G-A,13-48037885-G-A,FALSE,FALSE
NUDT15,*12,N/A,Uncertain Function,13-48612038-C-G,13-48037902-C-G,FALSE,FALSE
NUDT15,*13,N/A,Uncertain Function,13-48615239-T-TG,13-48041103-T-TG,FALSE,FALSE
NUDT15,*14,N/A,Uncertain Function,13-48611961-C-CGCGG,13-48037825-C-CGCGG,FALSE,FALSE
NUDT15,*15,N/A,Uncertain Function,13-48619907-T-A,13-48045771-T-A,FALSE,FALSE
NUDT15,*16,N/A,Uncertain Function,13-48611970-C-T,13-48037834-C-T,FALSE,FALSE
NUDT15,*17,N/A,Uncertain Function,13-48615249-G-T,13-48041113-G-T,FALSE,FALSE
NUDT15,*18,N/A,Uncertain Function,13-48615113-GA-G,13-48040977-GA-G,FALSE,FALSE
NUDT15,*19,N/A,Uncertain Function,13-48611885-G-C,13-48037749-G-C,FALSE,FALSE
NUDT15,*20,N/A,Uncertain Function,13-48619826-C-G,13-48045690-C-G,FALSE,FALSE
SLCO1B1,*1A,N/A,Normal Function,N/A,N/A,TRUE,FALSE
SLCO1B1,*1B,N/A,Normal Function,N/A,N/A,FALSE,FALSE
SLCO1B1,*2,N/A,Possible Decreased Function,N/A,N/A,FALSE,FALSE
SLCO1B1,*3,N/A,Possible Decreased Function,N/A,N/A,FALSE,FALSE
SLCO1B1,*4,N/A,Unknown Function,N/A,N/A,FALSE,FALSE
SLCO1B1,*5,N/A,Decreased Function,N/A,N/A,FALSE,FALSE
SLCO1B1,*6,N/A,Possible Decreased Function,N/A,N/A,FALSE,FALSE
SLCO1B1,*7,N/A,Unknown Function,N/A,N/A,FALSE,FALSE
SLCO1B1,*8,N/A,Unknown Function,N/A,N/A,FALSE,FALSE
SLCO1B1,*9,N/A,Possible Decreased Function,N/A,N/A,FALSE,FALSE
SLCO1B1,*10,N/A,Possible Decreased Function,N/A,N/A,FALSE,FALSE
SLCO1B1,*11,N/A,Unknown Function,N/A,N/A,FALSE,FALSE
SLCO1B1,*12,N/A,Unknown Function,N/A,N/A,FALSE,FALSE
SLCO1B1,*13,N/A,Unknown Function,N/A,N/A,FALSE,FALSE
SLCO1B1,*14,N/A,Possible Increased Function,N/A,N/A,FALSE,FALSE
SLCO1B1,*15,N/A,Decreased Function,N/A,N/A,FALSE,FALSE
SLCO1B1,*16,N/A,Unknown Function,N/A,N/A,FALSE,FALSE
SLCO1B1,*17,N/A,Decreased Function,N/A,N/A,FALSE,FALSE
SLCO1B1,*18,N/A,Unknown Function,N/A,N/A,FALSE,FALSE
SLCO1B1,*19,N/A,Unknown Function,N/A,N/A,FALSE,FALSE
SLCO1B1,*20,N/A,Unknown Function,N/A,N/A,FALSE,FALSE
SLCO1B1,*21,N/A,Unknown Function,N/A,N/A,FALSE,FALSE
SLCO1B1,*22,N/A,Unknown Function,N/A,N/A,FALSE,FALSE
SLCO1B1,*23,N/A,Possible Decreased Function,N/A,N/A,FALSE,FALSE
SLCO1B1,*24,N/A,Unknown Function,N/A,N/A,FALSE,FALSE
SLCO1B1,*25,N/A,Unknown Function,N/A,N/A,FALSE,FALSE
SLCO1B1,*26,N/A,Unknown Function,N/A,N/A,FALSE,FALSE
SLCO1B1,*27,N/A,Unknown Function,N/A,N/A,FALSE,FALSE
SLCO1B1,*28,N/A,Unknown Function,N/A,N/A,FALSE,FALSE
SLCO1B1,*29,N/A,Unknown Function,N/A,N/A,FALSE,FALSE
SLCO1B1,*30,N/A,Unknown Function,N/A,N/A,FALSE,FALSE
SLCO1B1,*31,N/A,Possible Decreased Function,N/A,N/A,FALSE,FALSE
SLCO1B1,*32,N/A,Unknown Function,N/A,N/A,FALSE,FALSE
SLCO1B1,*33,N/A,Unknown Function,N/A,N/A,FALSE,FALSE
SLCO1B1,*34,N/A,Unknown Function,N/A,N/A,FALSE,FALSE
SLCO1B1,*35,N/A,Possible Increased Function,N/A,N/A,FALSE,FALSE
SLCO1B1,*36,N/A,Unknown Function,N/A,N/A,FALSE,FALSE
TPMT,*1,N/A,Normal Function,N/A,N/A,TRUE,FALSE
TPMT,*2,N/A,No Function,N/A,N/A,FALSE,FALSE
TPMT,*3A,N/A,No Function,N/A,N/A,FALSE,FALSE
TPMT,*3B,N/A,No Function,N/A,N/A,FALSE,FALSE
TPMT,*3C,N/A,No Function,N/A,N/A,FALSE,FALSE
TPMT,*4,N/A,No Function,N/A,N/A,FALSE,FALSE
TPMT,*5,N/A,Uncertain Function,N/A,N/A,FALSE,FALSE
TPMT,*6,N/A,Uncertain Function,N/A,N/A,FALSE,FALSE
TPMT,*7,N/A,Uncertain Function,N/A,N/A,FALSE,FALSE
TPMT,*8,N/A,Uncertain Function,N/A,N/A,FALSE,FALSE
TPMT,*9,N/A,Uncertain Function,N/A,N/A,FALSE,FALSE
TPMT,*10,N/A,Uncertain Function,N/A,N/A,FALSE,FALSE
TPMT,*11,N/A,No Function,N/A,N/A,FALSE,FALSE
TPMT,*12,N/A,Uncertain Function,N/A,N/A,FALSE,FALSE
TPMT,*13,N/A,Uncertain Function,N/A,N/A,FALSE,FALSE
TPMT,*14,N/A,No Function,N/A,N/A,FALSE,FALSE
TPMT,*15,N/A,No Function,N/A,N/A,FALSE,FALSE
TPMT,*16,N/A,Uncertain Function,N/A,N/A,FALSE,FALSE
TPMT,*17,N/A,Uncertain Function,N/A,N/A,FALSE,FALSE
TPMT,*18,N/A,Uncertain Function,N/A,N/A,FALSE,FALSE
TPMT,*19,N/A,Uncertain Function,N/A,N/A,FALSE,FALSE
TPMT,*20,N/A,Uncertain Function,N/A,N/A,FALSE,FALSE
TPMT,*21,N/A,Uncertain Function,N/A,N/A,FALSE,FALSE
TPMT,*22,N/A,Uncertain Function,N/A,N/A,FALSE,FALSE
TPMT,*23,N/A,No Function,N/A,N/A,FALSE,FALSE
TPMT,*24,N/A,Uncertain Function,N/A,N/A,FALSE,FALSE
TPMT,*25,N/A,Uncertain Function,N/A,N/A,FALSE,FALSE
TPMT,*26,N/A,Uncertain Function,N/A,N/A,FALSE,FALSE
TPMT,*27,N/A,Uncertain Function,N/A,N/A,FALSE,FALSE
TPMT,*28,N/A,Uncertain Function,N/A,N/A,FALSE,FALSE
TPMT,*29,N/A,No Function,N/A,N/A,FALSE,FALSE
TPMT,*30,N/A,Unknown Function,N/A,N/A,FALSE,FALSE
TPMT,*31,N/A,Uncertain Function,N/A,N/A,FALSE,FALSE
TPMT,*32,N/A,Uncertain Function,N/A,N/A,FALSE,FALSE
TPMT,*33,N/A,Uncertain Function,N/A,N/A,FALSE,FALSE
TPMT,*34,N/A,Uncertain Function,N/A,N/A,FALSE,FALSE
TPMT,*35,N/A,Unknown Function,N/A,N/A,FALSE,FALSE
TPMT,*36,N/A,Unknown Function,N/A,N/A,FALSE,FALSE
TPMT,*37,N/A,Uncertain Function,N/A,N/A,FALSE,FALSE
TPMT,*38,N/A,Unknown Function,N/A,N/A,FALSE,FALSE
TPMT,*39,N/A,Uncertain Function,N/A,N/A,FALSE,FALSE
TPMT,*40,N/A,Uncertain Function,N/A,N/A,FALSE,FALSE
TPMT,*41,N/A,No Function,N/A,N/A,FALSE,FALSE
UGT1A1,*1,N/A,Normal Function,N/A,N/A,TRUE,FALSE
UGT1A1,*6,N/A,Decreased Function,N/A,N/A,FALSE,FALSE
UGT1A1,*27,N/A,Decreased Function,N/A,N/A,FALSE,FALSE
UGT1A1,*28,N/A,Decreased Function,N/A,N/A,FALSE,FALSE
UGT1A1,*36,N/A,Increased Function,N/A,N/A,FALSE,FALSE
UGT1A1,*37,N/A,Decreased Function,N/A,N/A,FALSE,FALSE
UGT1A1,*80,N/A,Unknown Function,N/A,N/A,FALSE,FALSE
UGT1A1,*80+*28,N/A,Decreased Function,N/A,N/A,FALSE,FALSE
UGT1A1,*80+*37,N/A,Decreased Function,N/A,N/A,FALSE,FALSE