Gene,Star Allele,SV Name,Genotype,Reference,Copy Number,Allele Fraction,Data Type,Source,Sample ID,BAM ID
CYP2A6,\*4,DeletionHet,\*1/\*4,,:download:`Profile <https://raw.githubusercontent.com/sbslee/pypgx-data/main/dpsv/CYP2A6-1-CN.png>`,:download:`Profile <https://raw.githubusercontent.com/sbslee/pypgx-data/main/dpsv/CYP2A6-1-AF.png>`,WGS,`GeT-RM <https://pubmed.ncbi.nlm.nih.gov/26621101/>`__,NA18617,0b7cc95044c54d86a81151d856d0c5b2
CYP2A6,\*4,DeletionHom,\*4/\*4,,:download:`Profile <https://raw.githubusercontent.com/sbslee/pypgx-data/main/dpsv/CYP2A6-2-CN.png>`,:download:`Profile <https://raw.githubusercontent.com/sbslee/pypgx-data/main/dpsv/CYP2A6-2-AF.png>`,WGS,`GeT-RM <https://pubmed.ncbi.nlm.nih.gov/26621101/>`__,NA18952,92ac6fc0f69345aabb9e7bd47452ed70
CYP2A6,\*1x2,Duplication,\*1x2/\*25,"`Lee et al., 2019 <https://pubmed.ncbi.nlm.nih.gov/31206625/>`__",:download:`Profile <https://raw.githubusercontent.com/sbslee/pypgx-data/main/dpsv/CYP2A6-3-CN.png>`,:download:`Profile <https://raw.githubusercontent.com/sbslee/pypgx-data/main/dpsv/CYP2A6-3-AF.png>`,WGS,`GeT-RM <https://pubmed.ncbi.nlm.nih.gov/26621101/>`__,NA18861,543558ae08cd44b3850fc7b835484037
CYP2A6,Indeterminate,Hybrid,Indeterminate,,:download:`Profile <https://raw.githubusercontent.com/sbslee/pypgx-data/main/dpsv/CYP2A6-4-CN.png>`,:download:`Profile <https://raw.githubusercontent.com/sbslee/pypgx-data/main/dpsv/CYP2A6-4-AF.png>`,WGS,`GeT-RM <https://pubmed.ncbi.nlm.nih.gov/26621101/>`__,HG00436,54db734bc1ec46b29fc6c5c6df35ca65
CYP2B6,\*29,Hybrid,\*6/\*29,,:download:`Profile <https://raw.githubusercontent.com/sbslee/pypgx-data/main/dpsv/CYP2B6-1-CN.png>`,:download:`Profile <https://raw.githubusercontent.com/sbslee/pypgx-data/main/dpsv/CYP2B6-1-AF.png>`,WGS,`GeT-RM <https://pubmed.ncbi.nlm.nih.gov/26621101/>`__,NA19178,3fcca708192c4ffe8e57318c7d64e480
CYP2D6,\*5,Deletion,\*5/\*29,,:download:`Profile <https://raw.githubusercontent.com/sbslee/pypgx-data/main/dpsv/CYP2D6-1-CN.png>`,:download:`Profile <https://raw.githubusercontent.com/sbslee/pypgx-data/main/dpsv/CYP2D6-1-AF.png>`,WGS,`GeT-RM <https://pubmed.ncbi.nlm.nih.gov/26621101/>`__,NA18861,543558ae08cd44b3850fc7b835484037
CYP2D6,\*4x2,Duplication,\*2/\*4x2,,:download:`Profile <https://raw.githubusercontent.com/sbslee/pypgx-data/main/dpsv/CYP2D6-2-CN.png>`,:download:`Profile <https://raw.githubusercontent.com/sbslee/pypgx-data/main/dpsv/CYP2D6-2-AF.png>`,WGS,`GeT-RM <https://pubmed.ncbi.nlm.nih.gov/26621101/>`__,NA19819,a04f109738f34a358850f5f69d7d8814
CYP2D6,\*68+\*4,Tandem1,\*139/\*68+\*4,,:download:`Profile <https://raw.githubusercontent.com/sbslee/pypgx-data/main/dpsv/CYP2D6-3-CN.png>`,:download:`Profile <https://raw.githubusercontent.com/sbslee/pypgx-data/main/dpsv/CYP2D6-3-AF.png>`,WGS,`GeT-RM <https://pubmed.ncbi.nlm.nih.gov/26621101/>`__,NA11832,22d9ea3d16804243afbfea7e776c5237
CYP2D6,\*36+\*10,Tandem2A,\*2/\*36+\*10,,:download:`Profile <https://raw.githubusercontent.com/sbslee/pypgx-data/main/dpsv/CYP2D6-4-CN.png>`,:download:`Profile <https://raw.githubusercontent.com/sbslee/pypgx-data/main/dpsv/CYP2D6-4-AF.png>`,WGS,`GeT-RM <https://pubmed.ncbi.nlm.nih.gov/26621101/>`__,NA18564,4323a15d7b5d4bf2b204e0c0088ba923
CYP2D6,\*36x2+\*10,Tandem2B,\*1/\*36x2+\*10,,:download:`Profile <https://raw.githubusercontent.com/sbslee/pypgx-data/main/dpsv/CYP2D6-5-CN.png>`,:download:`Profile <https://raw.githubusercontent.com/sbslee/pypgx-data/main/dpsv/CYP2D6-5-AF.png>`,WGS,`GeT-RM <https://pubmed.ncbi.nlm.nih.gov/26621101/>`__,NA18524,ba64fb6dbb0a4b36a5cbe53bd8706ca7
CYP2E1,\*S1,PartialDuplication,\*1/\*S1,"`Lee et al., 2019 <https://pubmed.ncbi.nlm.nih.gov/31206625/>`__",:download:`Profile <https://raw.githubusercontent.com/sbslee/pypgx-data/main/dpsv/CYP2E1-1-CN.png>`,:download:`Profile <https://raw.githubusercontent.com/sbslee/pypgx-data/main/dpsv/CYP2E1-1-AF.png>`,WGS,`GeT-RM <https://pubmed.ncbi.nlm.nih.gov/26621101/>`__,NA19920,228fa4f74dd4431f8eb3526f37e355ed
CYP2E1,\*7x2,Duplication,\*1/\*7x2,"`Lee et al., 2019 <https://pubmed.ncbi.nlm.nih.gov/31206625/>`__",:download:`Profile <https://raw.githubusercontent.com/sbslee/pypgx-data/main/dpsv/CYP2E1-2-CN.png>`,:download:`Profile <https://raw.githubusercontent.com/sbslee/pypgx-data/main/dpsv/CYP2E1-2-AF.png>`,WGS,`GeT-RM <https://pubmed.ncbi.nlm.nih.gov/26621101/>`__,NA19095,75331ab394f24d56ac73cee5d41fa15b
CYP2E1,\*7x3,Multiplication,\*7/\*7x3,,:download:`Profile <https://raw.githubusercontent.com/sbslee/pypgx-data/main/dpsv/CYP2E1-3-CN.png>`,:download:`Profile <https://raw.githubusercontent.com/sbslee/pypgx-data/main/dpsv/CYP2E1-3-AF.png>`,WGS,`GeT-RM <https://pubmed.ncbi.nlm.nih.gov/26621101/>`__,NA19908,0d73bafef55a4a718489f3fdca91fd55